{
  "project_info": {
    "project_number": "217324345067",
    "firebase_url": "https://food-demo-app.firebaseio.com",
    "project_id": "food-demo-app",
    "storage_bucket": "food-demo-app.appspot.com"
  },
  "client": [
    {
      "client_info": {
        "mobilesdk_app_id": "1:217324345067:android:9249248077eaa070",
        "android_client_info": {
          "package_name": "com.example.fooddemoapp"
        }
      },
      "oauth_client": [
        {
          "client_id": "217324345067-kd6f66rptb2rg7ecogvkj1e54qbip5u6.apps.googleusercontent.com",
          "client_type": 1,
          "android_info": {
            "package_name": "com.example.fooddemoapp",
            "certificate_hash": "d6905d523a72dcfdbd4c4b838bc0f18ed0c8a9bb"
          }
        },
        {
          "client_id": "217324345067-8kkb8c8o58n5qudlqjifgdsuvavui5ep.apps.googleusercontent.com",
          "client_type": 3
        }
      ],
      "api_key": [
        {
          "current_key": "AIzaSyAJuPVR3mbJxaoMp-pf9VJMMgKUpZw_1XE"
        }
      ],
      "services": {
        "appinvite_service": {
          "other_platform_oauth_client": [
            {
              "client_id": "217324345067-8kkb8c8o58n5qudlqjifgdsuvavui5ep.apps.googleusercontent.com",
              "client_type": 3
            }
          ]
        }
      }
    }
  ],
  "configuration_version": "1"
}